{"cameraMode":{"drawMode":0,"name":"Shaded","section":"Shading Mode"},"sceneLighting":true,"audioPlay":false,"sceneViewState":{"m_AlwaysRefresh":false,"showFog":true,"showSkybox":true,"showFlares":true,"showImageEffects":true,"showParticleSystems":true,"showVisualEffectGraphs":true,"m_FxEnabled":true},"in2DMode":false,"pivot":{"x":-143.40911865234376,"y":-217.67088317871095,"z":52.216590881347659},"rotation":{"x":0.31276407837867739,"y":-0.5440381765365601,"z":0.22861236333847047,"w":0.7442949414253235},"size":67.88033294677735,"orthographic":false}